true_label,predicted_label
Gisdur,Gisdur
Bdur,Bdur
Fisdur,Fisdur
Cisdur,Cisdur
Cisdur,Cisdur
Bdur,Bdur
Disdur,Disdur
Cisdur,Cisdur
Cdur,Cdur
Fisdur,Fisdur
Adur,Adur
Disdur,Disdur
Gisdur,Gisdur
Cdur,Cdur
Bdur,Bdur
Adur,Adur
Ddur,Ddur
Ddur,Ddur
Fdur,Fdur
Edur,Edur
Gisdur,Gisdur
Disdur,Disdur
Aisdur,Aisdur
Fdur,Fdur
Gdur,Gdur
Ddur,Ddur
Edur,Edur
Cdur,Bdur
Fisdur,Fisdur
Aisdur,Aisdur
Edur,Edur
Gdur,Gdur
Aisdur,Aisdur
Gdur,Gdur
Fdur,Fdur
Adur,Adur
Disdur,Disdur
